isim,osm,ebced
yakup, یعقوب,188
i̇msak, إمساك,122
güneş, كونش,376
i̇şrak, اِشراق,602
öğle, اوگله,62
i̇kindi, ايكندى,95
akşam, آقشام,442
yatsı, ياتسي,481
tarih, تاريخ,1211
namaz vakitleri, نماز وقتلري,844
namaz, نماز,98
vakitler, وقتلر,736
vakit, وقت,506
ezan saatleri,  ازان ساعتلري,830
ezan, ازان,59
saat, ساعت,531
osmanlıca, عثمانليجه,709
osmanlı, عثمانلي,701
osman, عثمان,661
i̇msak vakti, إمساك وقتي,638
öğle namazı, اوگله نمازي,170
i̇kindi namazı, ايكندى نمازي,203
akşam namazı, آقشام نمازي,550
sabah namazı, صباح نمازي,209
yatsı namazı, ياتسي نمازي,589
çağdaş, چاغداش,1309
bu, بو,8
teravih namazı, تراويح نمازى,733
teravih, تراويح,625
başlıyor, باشلايور,550
aşure, عاشورا,578
abdest, آبدست,467
abdesthane, آبدستخانه,1123
abes, عبث,572
abide, آبده,12
acaib, عجائب,86
acele, عجله,108
acaba, عجبا,76
acem, عجم,113
acemi, عجمی,123
acil, عاجل,104
acilen, عاجل,104
aciz, عاجز,81
acizane, عاجزانه,137
adap, آداب,8
adalet, عدالت,505
adet, عادات,476
aded, عدد,78
adem, آدم,45
adeta, عادتا,476
adil, عادل,105
adliyye, عدليه,119
afaki, آفاقی,192
afet, آفات,482
aferin, آفرین,341
afetzede, آفت زده,497
afiyet, عافيت,561
afrika, افریقا,392
efsun, افسون,197
af, عفو,156
agah, آگاه,27
ahali, اهالی,47
ahbap, احباب,14
ahid, عهد,79
ahıret, آخرت,1201
ahıze, آخذه,1306
ahkam, احکام,70
ahlak, اخلاق,732
ahlat, اخلاط,641
ahmak, احمق,149
ahya, احيا,20
akaid, عقائد,185
akdem, اقدم,145
akıbet, عاقبت,573
âkıl, عاقِل,201
akraba, اقرباء,305
akrep, عقرب,372
alaka, علاقه,206
alakadar, علاقه دار,411
alemet, علامت,541
ocak, اوجاق,111
şubat, شباط,312
mart, مارت,641
nisan, نيسان,171
mayıs, مايس,111
haziran, خزيران,868
temmuz, تموز,453
ağustos, آغستس,1521
eylül, ايلول,77
ekim, أكيم,71
kasım, قاسم,201
aralık, آرالق,332
pazartesi, پازارايرتسى,892
salı, سالی,101
çarşamba, چارشانبا,558
perşembe, پرشنبه,559
cuma, جمعه,118
cumartesi, جمعه اي رتسى,799
pazar, پازار,211
muharrem, محرم,288
safer, صفر,370
rebiül-evvel, ربيع اﻻول,350
rebiül-âhir, ربيع اﻻآخره,1120
cumâdel-evvel , جمادى اﻻولى,136
cumâdel-âhir, جمادى اﻻآخره,896
recep, رجب,205
şaban, شعبان,423
ramazan, رمضان,1091
şevval, شوال,337
zilkade, ذى القعده,920
zilhicce, ذى الحجه,757
at, ات,401
fay, فاي,91
yay, ياي,21
vay, واي,17
ay, اي,11
ayna, آینا,62
ayı, ايي,21
arı, اري,211
ana, آنا,52
araba, ارابا,205
kova, قوو,112
on, ا ون,57
oyun, اويون,73
ot, ا وط,16
ok, ا وق,107
göl, گول,56
körük, كوروك ,252
ördek, اوردك,231
öküz, اوكوز,40
göz, گوز,33
muhammet, محمد,92
mehmet, محمد,92
ahmet, احمد,53
mustafa, مصطف,219
âli, عالی,111
meryem, مریم,290
ömer, عُمر,310
i̇hsan, اِحسان,120
i̇smail, اسماعیل,212
esma, اَسما,102
emir, امیر,251
emire, أميرة,651
yasin, یاسین,131
emin, امين,101
emine, امنه,96
enise, اَنیسه,126
bedri, بَدری,216
bedriye, بدریه,221
bekir, بكر,222
bilal, بِلال,63
belkıs, بِلقیس,202
celal, جلال,64
cemil, جَمیل,83
cemile, جَمیله,88
cevahir, جواهر,215
cevriye, جورييه,234
hafız, حافظ,989
hamit, حامد,53
habip, حبیب,22
habibe, حبیبه,27
hasan, حسن,118
hüseyin, حسین,128
husna, حُسنی,128
hafsa, حَفصه,183
halime, حلیمه,93
hamza, حمزه,60
hanife, حنیفه,153
halit, خالِد,635
halide, خالِده,640
hatice, خدیجه,622
halil, خلیل,670
hayri, خيري,820
raşit, راشد,505
refik, رفيق,390
zekiye, ذَکیه,735
zeliha, زليحا,56
zehra, زهرا,213
salim, سالم,131
sami, سامی,111
selim, سَلیم,140
salime, سالمه,136
sait, سَعد,134
sakine, سَکینه,145
sultan, سلطان,150
selva, سِلوا,97
selime, سَلیمه,145
şahin, شاهین,366
şerif, شریف,590
şeyma, شيما,351
sadık, صادق,195
salih, صالح,129
saliha, صالحه,134
tarık, طارق,310
zafer, ظافر,1181
abit, عابد,77
arif, عارف,351
atıf, عاطِف,160
aliye, عالیه,116
abbas, عباس,133
abdullah, عبد الله,142
abdulhamit, عبد الحميد,169
abdulhakim, عبد الحكيم,185
abdulcelil, عبد الجليل,180
abdulhalık, عبد الخالق,838
abdulkadir, عبد القادر,412
abdulaziz, عبد العزيز,201
abdurrahman, عبد الرحمن,405
abdurrahim, عبد الرحيم,365
abdulkerim, عبد الكريم,377
abdullatif, عبد اللطيف,236
abdulvahit, عبد الواحد,126
adnan, عَدنان,175
aziz, عزیز,94
azize, عزیزه,99
afra, افرا,282
i̇mran, إمرن,291
galip, غالب,1033
fatih, فاتح,489
faruk, فاروق,387
fatma, فاطمه,135
feride, فریده,299
fevziye, فوزيه,108
kazım, کاظم,961
kamil, کامل,91
kerim, کریم,270
kerime, کریمه,275
kemal, کمال,91
kevser, كوثر,726
latife, لتيفه,525
macit, ماجد,48
macide, ماجده,53
malik, مالِک,91
mübarek, مبارک,263
mahmut, محمود,98
muhsin, محسن,158
murat, مُراد,245
mervan, مَروان,297
mesut, مسعود,180
münir, منير,300
münire, مُنیره,305
mehdi, مهدی,59
naile, نائله,96
naci, ناجی,64
naciye, ناجیه,69
nasır, ناصر,341
nebil, نَبیل,92
nebile, نبيله,97
necla, نَجلا,84
nesim, نَسیم,160
nesibe, نَسیبه,127
numan, نعمان,211
naime, نائمه,106
naim, نَعیم,170
nefise, نَفیسه,205
neval, نَوال,87
nur, نور,256
nesrin, نسرین,370
nihat, نهاد,60
nadire, نادره,260
hacer, حجر,211
haşim, هاشم,346
hadiye, هادیه,25
hilal, هلال,66
hifa, هيفاء,97
velit, ولید,50
verda, وَردا,211
yasir, یاسر,271
yasemin, یاسمین,171
yusuf, یوسف,156
yunus, یونس,126
cihat, جهاد,13
ceyda, جيدا,18
cihan, جهان,59
murtaza, مرتضی,1450
musab, مصعب,202
nuran, نوران,307
ebrar, اَبرار,404
celil, جلیل,73
cennet, جَنت,453
hayriye, خيريه,825
remzi, رمزى,257
selman, سَلمان,181
semra, سَمرا,301
sündüs, سُندُس,174
şermin, شَرمین,600
şerife, شریفه,595
şefik, شفیق,490
şemsettin, شمس الدين,495
sıdkı, صدقي,204
tahir, طاهر,215
adile, عَدیله,119
alime, عالمه,146
ferit, فَرید,294
kamile, کامله,96
maya, مایا,52
muhtar, مختار,1241
mercan, مرجان,294
neriman, نَریمان,351
nurettin, نور الدين,351
vehbi, وهبي,23
yaman, يامن,101
melek, ملاك,91
sacit, ساجد,68
sacide, ساجده,73
asım, اصم,131
fazıl, فاضل,911
fahri, فخری,890
kâdir, قادر,305
kenan, کنعان,191
mahir, ماهر,246
yezit, يزيد,31
i̇brahim, اِبراهیم,259
süleyman, سلیمان,191
nermin, نرمين,350
şehrazat, شهرزاد,517
şirin, شیرین,570
feryal, فريال,321
i̇shak, اِسحاق,170
i̇lyas, الیاس,102
eyyüp, ایوب,19
zekeriyya, زکریا,238
suzan, سوزان,124
nuh, نوح,64
can, جان,54
harun, هارون,262
ahmet arif, احمد عارف,404
i̇lhan, ايلخان,692
güllü, كللي,90
burak, براق,303
keziban, كزيبان,90
bedia, بديعة,486
asiye, آسيه,76
efe, أفه,86
selman efe, سلمان أفه,267
mert, مرد,244
altan, آلتان,482
turgut, طورغود,1225
özge, اوزكه,39
senem, سنم,150
ferhan, فرحان,339
rukiye, رقيه,315
muammer, معمر,350
enes, انس,111
hüseyin enes, حسين انس,239
enes kemal, انس كمال,202
hasan hüseyin, حسن حسين,246
hilmi, حلمى,88
ahmet hilmi, أحمد حلمي,141
mehmet kemal, محمد كمال,183
kezban, كزبان,80
mustafa selim, مصطف سليم,359
zeynep, زینب,69
gülderen, كلدرن,304
zeynep gülderen, زينب كلدرن,373
gül, كل,50
burak i̇lhan, بوراق ايلخان,1001
ayşe, عاءشه,377
ebu bekir, ابوبکر,231
rabia, رابعه,278
büşra, بُشری,512
nisa, نسا,111
ganime, غنيمة,1500
fatma nisa, فاطمة نساء,642
ganimet, غنيمة,1500
erkut, ايركت,631
mikail, مئكاءيل,112
mikail altan, مكايل آلتان,583
veli, ولی,46
doğan, دوغان,1061
erdoğan, اردوغان,1262
ertan, ارتان,652
betül, بتول,438
bahri, بحرى,220
asya, آسيا,72
sevtap, سوطاپ,78
lütfiye, لطفيه,134
gülsüm, کلثوم,596
ümmü gülsüm, اُم‌کلثوم,637
kıymet, قيمت,550
aslı, اصلي,131
nursel, نورسل,346
aylin, آیلین,101
özcan, اوزجان,68
özlem, اوزلم,84
kübra, کُبری,232
tuğba, طوبى,27
ayşegül, عاءشه كل,427
su, صو,96
fatma su, فاطمة صو,626
i̇smet, عصمت,600
münevver, مُنور,296
ela, الا,32
ela nur, الا نور,288
cemal, جمال,74
camal, جمال,74
uğur, اوغور,1213
nuruz, نوروز,269
ege, اكه,26
süleyman hilmi, سليمان حلمي,279
tunahan, طوناخان,717
emre, امره,246
feridun, فريدون,350
i̇rem, ارم,241
i̇sra, اِسرا,262
hakan, خاقان,752
rumeysa, رُمَیصا,341
sevim, سویم,116
metin, متین,500
erdinç, اردينچ,268
i̇nanç, انانچ,105
nasuh, نصوح,154
mümine, مؤمنه,141
gülten, كلتن,500
abdi, عبدى,86
abdülbaki, عبد الباقي,220
abdüssamed, عبدالصّمد,241
acar, آجار,205
adahan, آداخان,657
adak, آداق,106
adeviye, عدويه,95
adviye, عدويه,95
adıgüzel, آديكوزل,78
afife, عفیفه,245
afitap, آفتاب,484
afşar, آفشار,582
ahsen, احسن,119
ahu, آهو,12
aişe, عاءشه,377
aişegül, عاءشه كل,427
ayşenur, عاءشه نور,633
ajda, اژدا,13
akif, عاکِف,171
alpcan, آلپ جان,87
alper, آلپر,233
arife, عارفه,356
arzu, آرزو,214
aslıhan, اصليخان,782
asuman, آسمان,152
atatürk, آتاتورك,1028
atilla, آتیلا,442
aydın, آيدين,75
ayfer, آيفر,291
aykutalp, آيقود آلپ,154
ayla, آیلا,42
aynur, آی‌نور,267
aysel, آیسل,101
ayser, آيسر,271
aysun, آيسون,127
ayten, آيتن,461
aytunç, آيتونچ,470
aytül, آيتول,447
bahaddin, بهاالدّين,103
bahadır, بَهادر,212
bahar, بهار,208
banu, بانو,59
begüm, بكوم,68
belgin, بلكين,112
belgüzar, برگزار,430
berk, برق,302
berkant, برقانت,753
berkay, بركاى,233
berna, برنا,253
bertan, برتان,653
besime, بسيمه,117
beyhan, بيخان,663
beyza, بيضا,813
birgül, بيركل,262
birol, بيرول,248
birsel, بيرسل,302
bora, بورا,209
buket, بوكت,428
burcu, برجو,211
burhan, بُرهان,258
cahid, جاهد,13
cahit, جاهد,13
canan, جانان,105
candan, جاندن,108
cansu, جانصو,150
cemalettin, جمال الدين,169
cemaleddin, جمال الدين,169
cengiz, جنكيز,90
cenker, جنكر,273
ceren, جرن,253
cevdet, جودت,413
cihangir, جهانگیر,289
coşkun, جوشقون,465
cüneyt, جنيد,67
cüneyd, جنيد,67
çağla, چاغلا,1035
çiçek, چيچك,36
çiğdem, چيكدم,77
damla, داملا,76
davut, داود,15
davud, داود,15
deniz, دگيز,41
derya, دریا,215
devlet, دولت,440
dilara, دلآرا,236
dilber, دلبر,236
dilek, ديلك,64
döne, دونه,65
durdu, دوردو,220
dursune, دورسونه,331
dürdane, دُردانه,264
ebru, ابرو,209
ece, اجه,9
ecehan, اجه خان,660
ecmel, اجمل,74
eda, أدا,6
ekrem, اَکرم,261
elif, الف,111
elmas, الماس,132
elvan, الف,111
emel, أمل,71
emral, أمرال,272
eray, أراى,212
erhan, أرخان,852
erkan, اَرکان,272
erman, ایرمان,302
erol, أرول,237
ertuğrul, أرتوغرول,1843
esengül, اسنكل,161
esra, أسرا,262
evren, اورن,257
fadime, فاطمه,135
fatoş, فاطوش,396
fazilet, فَضیلت,1320
fehime, فهيمه,140
feramuz, فرامز,328
ferhat, فَرحت,688
feriha, فرحه,293
ferişte, فرشته,985
fethiye, فتحيه,503
feyza, فيضا,891
fırat, فرات,681
figen, فيكن,160
fikriye, فكريه,315
filiz, فيليز,137
firdevs, فردوس,350
fuad, فؤاد,91
fuat, فؤاد,91
galib, غالب,1033
gamze, غمزه,1052
gazali, غزالى,1048
gazi, غازى,1018
gonca, غنجه,1058
gökçe, كوكچه,54
gökhan, كوكحان,105
gökmen, كوكمن,136
göksel, كوكسل,136
gökşen, كوكشن,396
göktay, كوكطى,65
gönül, كوڭل,76
görkem, كوركم,286
gözde, كوزده,42
gülay, كُلاى,61
gülcan, كُلجان,104
gülden, كلدن,104
güler, كولر,256
gülhan, كولخان,707
gülistan, كلستان,561
gülizar, كُلعذار,1021
gülnaz, كلناز,108
gülsen, كولسن,166
gülser, كُلسر,310
gülseren, كُلسرن,360
gülşah, كلشاه,356
günay, كناى,81
günseli, كونسلى,176
gürbüz, كربز,229
gürcan, كورجان,280
haluk, خلوق,736
hamdiye, حمديه,67
hamide, حمیده,67
handan, خندان,705
hanım, خانم,691
halis, خالص,721
hanifi, حنيفى,158
hasbiye, حسبيه,85
hasibe, حَسیبه,85
hatem, حاتم,449
havva, حوّا,15
havvagül, حوّا كل,65
havva gül, حوّا كل,65
hediye, هدیه,24
huri, حوری,224
huriye, حوریه,229
huruşan, خروشان,1157
hülya, خوليا,647
hümeyra, حميراء,260
hüsne, حسنه,123
i̇fakat, افاقت,582
i̇klime, اِقلیما,182
i̇lknur, ايلكنور,317
i̇mren, إمرن,291
i̇nci, اينجى,74
i̇sa, عیسی,150
kadri, قدري,314
kadriye, قدريه,319
kaniye, كانيه,86
kerem, كرم,260
kısmet, قسمت,600
kibar, كبار,223
kubilay, قوبيلاى,159
kudret, قدرت,704
kürşat, كورشات,927
lale, لاله,66
leyla, لیلا,71
lütfi, لطفي,129
mahbub, محبوب,58
mahire, ماهره,251
mahmud, محمود,98
maide, ماءده,51
makbule, مَقبوله,183
mecid, مجيد,57
mecit, مجيد,57
mediha, مَدیحه,67
mehmed, محمد,92
mehtab, مهتاب,448
mehtap, مَهتاب,448
melahat, ملاحت,479
meliha, مليحه,93
melike, مَلیکه,105
melis, مَليس,140
meltem, ملتم,510
meral, مرال,271
mersiye, مرثيه,755
merve, مروه,251
mesud, مسعود,180
mete, مهته,450
mihriban, مهربان,298
mine, مينه,105
miyase, مياسه,116
muazzez, معزّز,124
muhammed, محمّد,92
murad, مراد,245
musa, موسی,116
mutlu, موتلو,482
mübeccel, مبجّل,75
mücevher, مجوهر,254
mürüvvet, مروّت,646
müsade, مصاده,140
müzeyyen, مزيّن,107
nadide, ناديده,74
nalan, نالان,132
narin, نارین,311
naz, ناز,58
nazife, نظيفه,1045
nazire, نَظیره,1165
nazlı, نازلى,98
nazmiye, نظميه,1005
necdet, نجدت,457
necmiye, نَجمیه,108
nergis, نركس,330
nesime, نَسیمه,165
neslihan, نسليخان,801
nevin, نوين,116
nevriye, نوريه,271
nevzat, نوزاد,68
nezihe, نزيهه,77
nigar, نِگار,271
nihal, نهال,86
nil, نیل,90
nilay, نيلاي,101
nilüfer, نیلوفر,376
nilva, نيلوا,97
nimet, نِعمت,560
nuray, نوراى,267
nurcan, نورجان,310
nureddin, نورالدّين,351
nuri, نوری,266
nuriye, نوریه,271
nurseli, نورسلى,356
nurşen, نورشن,606
nurten, نورتن,706
nurullah, نور الله,322
oğuz, اوغوز,1020
oğuzhan, اوغوزخان,1671
okan, اوقان,158
olcay, اولجاى,51
onur, اونور,263
oruç, اوروچ,216
orhan, اورخان,858
oya, اويا,18
ozan, اوزان,65
önder, اوگدر,231
özay, اوزاى,25
özgünaz, اوزكو نا,91
özgül, ازكل,58
özgür, اوزكور,240
öznur, اوزنور,270
pakize, پاكيزه,45
pelin, پلين,92
pembe, پمبه,49
perihan, پريخان,863
pınar, پینار,263
radiye, راضيه,1016
rahmet, رحمت,648
rahmi, رحمى,258
raziye, رازيه,223
refika, رفيقه,395
regaib, رغاءب,1204
regaip, رغاءب,1204
remziye, رمزيه,262
resul, رسول,296
reyhan, ریحان,269
reyyan, ريّان,261
rıdvan, رضوان,1057
ruhiye, روحيه,229
rümeysa, رُميسا,311
rüveyda, رويده,225
saadet, سَعادت,535
sabahat, صباحت,501
sabiha, صبيحه,115
sabire, صبيره,307
sabriye, صبریه,307
safvet, صفوت,576
saffet, صفوت,576
safiye, صَفیه,185
saide, سعیده,149
said, سعيد,144
saime, صائمه,146
samed, صمد,134
samet, صمد,134
sanem, صنم,180
saniye, ثانيه,566
satı, صاتى,501
seçil, سچيل,103
seda, صدا,95
sedat, سداد,69
sefa, سفا,141
seher, سحر,268
selahattin, صلاح الدين,224
selahaddin, صلاحالدّين,224
selçuk, سلچوق,199
selda, سلدا,95
selma, سِلما,131
selvi, سلوى,106
semahat, سماحت,509
semih, سميح,118
semiha, سميحه,123
serap, سراب,263
serdar, سردار,465
serkan, سرقان,411
sermet, سرمد,304
sermin, سرمين,360
serpil, سرپل,292
servet, ثروت,1106
seval, سوال,97
sevda, سودا,71
sevgi, سَوكى,96
sıddık, صِدیق,204
sıddıka, صدّيقه,209
sıdıka, صدّيقه,209
sibel, سيبل,102
sinan, سنان,161
solmaz, صولماز,174
soner, صوڭر,316
songül, صوڭكل,166
suna, صونا,147
süheyla, سُهیلا,106
sünbül, سُنبل,142
şadiye, شادیه,320
şafak, شفاق,481
şafiye, شافيه,396
şaheser, شاه أثر,1007
şaziye, شازيه,323
şebnem, شبنم,392
şehri, شهرى,515
şenol, شنول,386
şöhret, شهرت,905
şükran, شكران,571
şükriye, شكريه,535
şükrü, شكرى,530
tahsin, تحسین,528
talha, طَلحه,52
talia, طالعه,115
taner, تاڭر,621
tayyip, طَیب,21
tayyib, طيّب,21
tenzile, تنزيله,502
teslime, تسليمه,545
tuba, طوبی,27
tufan, طوفان,146
turhan, طورخان,866
tülay, تولاى,447
türkan, توركان,677
ufuk, افق,181
umut, اوموت,453
ülfet, الفت,511
ümran, عمران,361
ünal, اونال,88
vahide, واحده,24
vahit, واحد,19
vahid, واحد,19
vasfiye, وصفيه,191
vildan, ولدان,91
yadigar, یادگار,236
yaşar, یاشار,512
yavuz, ياووز,30
yelda, یَلدا,45
yeliz, يليز,57
yeşim, يشيم,360
yıldıray, يلديراى,265
yıldırım, ییلدیرم,304
yıldız, ييلديز,71
yüksel, يوكسل,126
zahide, زاهده,22
zennuriye, ذنّوريه,971
zeyneb, زينب,69
zeytin, زیتون,473
zübeyde, زُبیده,28
zühal, زحل,45
zülal, زلال,68
züleyha, زليخة,1047
zülfiye, زلفيه,132
zülfü, زلفو,123
ahmed arif, احمد عارف,404
arif ahmet, عارف احمد,404
arif ahmed, عارف احمد,404
abdulhamid, عبد الحميد,169
ayşe gül, عائشة كل,831
zehra betül, زهرة بتول,1050
ertürk, ارتورك,827
yakub, يعقوب,188
seyit, سيد,74
hadice, خديجة,1017
hafize, حفيظه,1003
mevlüde, مولوده,91
fikri, فكري,310
tayfun, طيفون,155
hacı, حاجى,22
güngör, كونكور,302
adlar, آدلار,236
oğlan adı, اوغلان آدی ...,1103
ad, آد,5
burçin, بورچین,271
i̇simler, اسملر,331
güzel, گوزل,63
türkcenin, تركجه نك,698
türkce, تركجه,628
bir, بر,202
iki, ایكی,41
üç, اوچ,10
dört, درت,604
beş, بش,302
altı, آلتی,441
yedi, یدی,24
sekiz, سكز,87
dokuz, طقوز,122
onbir, اون بر,259
oniki, اون ایکی,98
fatih sultan mehmet, فاتح سلطان محمد,731
maaş, معاش,411
kelime, كلمه,95
kainat, كائنات,482
istisna, استثناء,1013
irsi, ارثی,711
sümeyye, سُمیه,115
recep tayyip, رجب طيّب,226
yemuş, يه موش,361
kamer, قمر,340
kanaat, قناعة,621
bülent, بلند,86
eşref, اَشرف,581
memnune, ممنونة,586
rıza, رضا,1001
ali rıza, علي رضا,1111
abdulferid, عبدالفريد,401
ferid, فريد,294
abdülferid, عبدالفريد,401
eymen, ايمن,101
necmeddin, نجم الدين,188
necmettin, نَجم‌الدین,188
sabri, صبری,302
mehmet sabri, محمد صبري,394
güzide, كوزيده,52
ahmet mesut, أحمد مسعود,233
haydar, حیدر,222
muzaffer, مُظفر,1220
keriman, كريمان,321
şeyhmus, شهموز,358
şehmuz, شهموز,358
temren, تمرن,690
mülkinaz, ملكيناز,158
kürşad, كورشاد,531
gülal, كلال,81
behtiye, بهتيه,422
tevhide, توحیدا,429
güleser, كل أسر,311
nesip, نسيب,122
şahhanım, شاه خانم,997
aytekin, آيتكين,491
nezaket, نزاكت,478
nurşah, نورشاه,562
mebrure, مبروره,453
râhime, راحمه,254
asena, آسه نه,121
pervin, پروین,268
asime, اصمه,136
sema, سَما,101
dila, ديلا,45
hakime, حاكمه,74
lamia, لامِعه,146
şennaz, شن ناز,408
şener, شن أر,551
gülçin, كلچېن,113
altay, التاى,442
nurcihan, نورجهان,315
antar, عنتر,720
meriç, مرچ,243
sevkan, سوقان,217
özdil, اوزدل,48
gülzade, كل زاده,67
sadullah, صعاد الله,231
nurhan, نورخان,907
şinasi, شناسى,421
kadem, قدم,144
tuna, طونه,70
neziha, نزيهه,77
tamam, تمام,481
semira, سميره,315
beyaz, بياض,813
mihdiye, مهديه,64
yurda, يوردا,221
aybars, أيبارس,274
zümra, زمرا,248
sahra, صحراء,300
akhenaton, اخناتون,1108
ümmiye, أمّية,451
safura, صافورا,378
ersel, ارسل,291
muteber, معتبر,712
gülsevim, كل سويم,166
emriye, امريه,256
didar, دیدار,219
berrak, برّاق,303
medine, مدينه,109
güldeste, كل دسته,519
necati, نجاتى,464
çimen, چمن,93
baki, باقي,113
bakiye, باقيه,118
feriye, فرييه,305
rabiatül adeviye, رابعة العدوية,1194
gülçimen, كلچمن,143
nazike, نازكه,83
fındık, فندق,234
duran, دوران,261
abidin, عابدين,137
zümrüt, زمرد,251
zühriye, زهريه,227
ziyaüddin, ضياءالدّين,907
zilan, زيلان,98
zeynullah, زين الله,133
zeynelabidin, زین‌العابدین,235
zeynel, زينل,97
zeyd, زيد,21
zerrin, زرین,267
zekeriya, زكريا,238
zarife, ظریفه,1195
i̇nşirah, انشراح,560
gülhatun, كل خاتون,1107
yuşa, یُوشع,386
yurdaer, يورده ار,426
yücel, يوجل,49
yonca, يونجا,70
yılmaz, ييلماز,98
yiğit, ييكيت,450
yeter, يتر,610
yekta, یکتا,431
yaser, ياسر,271
yaren, يارن,261
yaprak, ياپراق,314
yağmur, ياغمور,1257
yağız, ياغيز,1028
vuslat, وصلت,526
veysi, ويسى,86
veysel, ويسل,106
vesile, وسيله,111
vera, ورع,276
vedat, وِداد,15
vatan, وطن,65
vasfi, وصفي,186
ünzile, انزيله,103
ümmü, امّ,41
üzeyir, عزير,287
ümmühan, امّ خان,692
ümmügülsüm, امّ كلثم,631
ülkü, اولكو,63
ülgen, اولكن,107
uzel, اوزل,44
umutcan, اومودجان,111
umay, اوماى,58
ulaş, اولاش,338
ukba, عقبى,182
türk, تورك,626
turgay, طورغاى,1226
turan, توران,657
tuncer, تونجر,659
tunay, توناى,467
tülin, تولين,496
tuğrul, طوغرول,1251
tuğra, طغرا,1210
tuana, توانا,458
treyscilia, تيريسجيليا,734
toprak, طوپراق,318
tolga, طولقا,146
timurhan, تيمورخان,1307
timur, تيمور,656
timuçin, تيموچين,519
teoman, تءومان,498
tenay, تنآى,461
temel, تمل,470
tekin, تکین,480
taybar, تايبار,614
tarkan, تارقان,752
tansu, طاڭصو,126
tansel, تانسل,541
talip, طالب,42
talat, طلعت,509
taha, طاها,16
tacettin, تاج الدّين,499
şeref, شرف,580
şahinde, شاهينده,375
şule, شعله,405
şükür, شكر,520
şüheda, شهدا,310
şuayb, شعيب,382
şivan, شيوان,367
şiar, شعار,571
şeyda, شِیدا,315
şevki, شوقي,416
şevket, شوکت,726
şentürk, شنتورك,976
şennur, شن نور,606
şeniz, شنيز,367
şendoğan, شن دوغان,1411
şenay, شن آى,361
şehriban, شهربان,558
şehnaz, شهناژ,363
şefika, شفيقه,495
şahan, شاهان,357
şaduman, شادمان,396
sudenur, سوده نور,331
sude, سوده,75
siyabend, سييابند,137
sıtkı, صدقى,204
sırma, صئرمه,345
simge, سيمگه,135
sıla, صله,125
sezgi, سزكى,97
seyyide, سيّده,79
seyyid, سيّد,74
seyhan, سيخان,721
seyfullah, سِیف‌الله,216
sevinç, سوينچ,129
sevil, سِویل,106
sevdegül, سوده كل,125
sevde, سوده,75
sevdanur, سودانور,327
sevcan, سوجان,120
sevban, ثَوبان,559
serya, سريا,271
server, سرور,466
sertan, سرتان,711
sertaç, سرتاچ,664
serra, سرّاء,262
serhat, سرحد,272
serenay, سرناى,321
serdem, سردم,304
serçiyan, سرچييان,334
sercan, سرجان,314
senanur, ثنانور,807
sena, ثَنا,551
semanur, سمانور,357
selviye, سلويه,111
selina, سلينا,151
selin, سَلین,150
selay, سلاى,101
sefer, سفر,340
seden, سدن,114
sedef, صدف,174
sedanur, صدانور,351
seçkin, سچكين,143
satılmış, صاتيلمش,871
sarp, صارپ,293
sara, سارا,262
sancaklı, سانجاقلى,255
safa, صفا,171
sadıka, صادقه,200
saadettin, سعد الدّين,229
sadegül, ساده كل,120
sabahattin, صباحالدّين,196
raif, راءف,282
raşide, راشده,510
rüzgar, روزگار,434
rüveyde, رويده,225
rüştü, رشدى,514
ruşen, روشن,556
rıfat, رفعت,750
reha, رها,206
rasime, راسمه,306
rasim, راسم,301
rana, رعنا,321
ramiz, رامز,248
polat, پولات,439
paşa, پاشا,304
ömürlü, عمرلو,346
ömür, عمر,310
özüberk, اوزىبرك,246
öztürk, اوزتورك,640
özsu, اوزصو,110
özkan, اوزقان,165
özhan, اوزخان,665
özgürhan, اوزكورخان,891
özen, اوزن,64
özden, اوزدن,68
öykü, اويكو,43
ölmez, اولمز,84
orhanalp, اورخان الپ,891
nurçin, نورچين,319
nurseven, نورسون,372
nazik, نازك,78
nusret, نُصرت,740
nurulhüda, نورالهدا,297
nurmelek, نورملك,346
nurgül, نوركل,306
nurdan, نوردن,310
nurbanu, نوربانو,315
niyazi, نيازى,78
nisanur, نسانور,367
nihan, نهان,106
nida, نِدا,55
nezir, نَذیر,960
nevanur, نوانور,313
neva, نوا,57
neslişah, نسل شاه,446
neşe, نشءه,356
nehir, نهر,255
nedime, نَدیمه,109
nedim, نديم,104
necibe, نجيبه,70
necip, نَجیب,65
nazlıcan, نازلى جان,152
nazan, نازان,109
nagihan, ناگهان,127
nagehan, ناگهان,127
nafize, نافذه,836
nafiz, نافذ,831
nafiye, نافيه,146
nadiye, ناديه,70
minnet, منّت,490
mahperi, ماهپرى,258
meserret, مسرّت,700
müyesser, ميسّر,310
müslüm, مسلم,170
müslime, مسلمه,175
müslim, مُسلِم,170
müşerref, مشرّف,620
muradiye, مراديه,260
munise, مونسه,161
mülhime, ملهمه,120
mukaddes, مقدّس,204
müjgan, مژگان,118
müjdat, موژداد,62
müge, موكه,71
mücella, مجلّا,74
mücahit, مجاهد,53
müberra, مبرّا,243
muaz, معاذ,811
mualla, معلّى,150
mirza, ميرزا,258
miray, ميراى,261
mindaş, مينطاش,410
mina, مئنا,101
mikdat, مقداد,149
meyra, ميرا,251
mevlüt, مولد,80
mevlit, مولد,80
meva, مأوى,57
meriha, مريخه,855
merih, مريخ,850
mennan, منّان,141
menekşe, منكشه,415
melisa, ملیسا,141
melda, ملدا,75
mekiye, مكئه,75
mazlum, مظلوم,1016
maksut, مقصود,240
mahsun, محسون,164
mahinur, ماه نور,302
mahidevran, ماهدوران,307
lütfü, لطفى,129
lokman, لقمان,221
levent, لوند,90
leman, لمعان,191
lami, لامع,141
kiraz, كيراز,238
kutluhan, قوتلى خان,1197
kutay, قوتاى,517
koray, قوراى,317
kıvanç, قيوانچ,170
kibariye, كباريه,238
keskinkılıç, كسكين قيليچ,313
kayra, قايرا,312
kaya, قايا,112
kardelen, قاردلن,385
kamuran, کامران,312
kamber, قنبر,352
kalender, قلندر,384
kahraman, قهرمان,396
kağan, قاغان,1152
kaan, قاآن,152
i̇zzet, عِزت,477
i̇srafil, اِسرافیل,382
ismahan, اسم خان,752
i̇smihan, اسم خان,752
i̇skender, اسکندر,335
i̇rfan, عرفان,401
i̇pek, ایپک,33
i̇mdat, امداد,50
i̇lker, ايلكر,261
i̇lke, ايلكه,66
i̇lkay, ايلك آى,72
i̇lhami, الهامى,87
i̇lgi, ايلكى,71
i̇layda, ايلايدا,57
i̇krime, اكرمه,266
i̇kra, اقرأ,302
i̇kbal, اِقبال,134
i̇dris, اِدریس,275
i̇clal, اِجلال,65
iraz, ايراز,219
haris, حارث,709
hicran, هجران,259
huzeyfe, حذيفه,803
hüsnü, حسنى,128
hüsna, حسنى,128
hürü, خرو,806
hürcan, حرجان,262
hunalp, حون آلپ,97
hüma, هُما,46
hulusi, خلوصى,736
hivel, هيول,51
hilmiye, حلميه,93
hidayet, هدايت,420
helin, هلين,95
hazim, حازم,56
hayrettin, خئرالدّين,905
hayati, حياتى,429
hayat, حیات,419
havvanur, حوّا نور,271
havana, حوا آنا,67
hatun, خاتون,1057
hasret, حسرت,668
hande, خنده,659
halise, خالصه,726
hale, هاله,41
hakkı, حقّى,118
habil, هابیل,48
habib, حبيب,22
gürsel, كورسل,316
güven, كوون,82
gürkan, گورقان,377
gürhan, كورخان,877
gurbet, غربت,1602
güntülü, كونتولى,522
güner, كونر,276
gündüz, كوندوز,93
gümüş, كوموش,372
gülserap, كل سراب,313
gülsefa, كلصفا,221
gülperi, كل پرى,262
gülnur, كلنور,306
gülnazik, كلنازك,128
gülendam, كل اندام,146
gülen, كولن,106
gülbin, كلبين,112
güçer, كوچر,229
göktuğ, گوكتوغ,1452
gökçen, گوكچن,99
gizem, كيزم,77
gaye, غايه,1016
fethullah, فتح الله,554
furkan, فُرقان,431
fulya, فوليا,127
firkat, فرقت,780
fidaye, فدايه,100
feyyaz, فیاض,891
fevzi, فوزى,103
fettah, فتّاح,489
fesih, فصيح,188
ferhunde, فرخنده,939
ferda, فردا,285
fehmi, فهمى,135
fedakar, فذاكار,1002
fatmanur, فاطمه نور,391
faika, فاءقه,187
faik, فاءق,182
fahriye, فخریه,895
jale, ژاله,43
itır, عطر,279
irmak, ايرماك,272
ezgi, ازكى,38
evdegül, أوده كل,66
ethem, اَدهم,50
esingül, اسينكل,171
esat, أسعد,135
erva, اروع,277
ersoy, ارصوى,307
ender, اندر,255
ersin, آرسن,311
ersen, ارسن,311
ergün, اركون,277
erkin, اركين,281
ergin, اركين,281
erdi, اردى,215
ercüment, ارجمند,298
eralp, ارآلپ,234
enver, انور,257
enis, اَنیس,121
engin, انكين,131
emrullah, امرالله,307
emrah, امراح,250
emirhan, اميرحان,310
emircan, اميرجان,305
emil, اميل,81
emetullah, امتالله,507
elida, اليدا,46
elçin, الچين,94
elanur, الانور,288
ekmeleddin, اكملالدّين,186
ekmel, اكمل,91
egemen, اكه من,116
egehan, اكه خان,677
efsane, افسانه,197
efehan, أفه خان,737
efdal, افضل,911
ediz, اديز,22
edibe, ادیبه,22
edip, ادیب,17
ecrin, اجرين,264
ebubekir, ابوبكر,231
ebu huzeyfe, أبوحذيفه,812
duygu, دويغو,1026
durukan, دوروقان,367
duru, دورو,216
dorukhan, طوروق خان,972
döndü, دوندو,70
doğukan, دوغوقان,1167
doğanay, دوغاناى,1072
dilçem, ديلچم,87
dilay, ديلاى,55
dilaver, دلاور,241
dilanur, ديلانور,301
dilan, دیلان,95
didem, ديدم,58
derviş, درويش,520
demirtaş, دميرطاش,564
demirhan, دميرخان,905
demir, دمير,254
demet, دمت,444
defne, دفنه,139
çisem, چيسم,113
çinuçen, چينوچن,122
çilem, چيلم,83
çetinkaya, چتين قايا,575
çetin, چتين,463
çeşminaz, چشم ناز,401
çeliksu, چليكصو,159
çelebi, چلبی,45
çakır, چاقير,314
cağatay, چاغاتاى,1416
canberk, جان برك,276
civan, جوان,60
ceylin, جيلين,103
ceyhun, جیحون,77
ceyhan, جيحان,72
cevat, جواد,14
cemre, جمره,248
cem, جم,43
cebrail, جبراءيل,247
cebel, جبل,35
caner, جانر,254
cahide, جاهده,18
beşire, بشيره,517
beşir, بَشیر,512
buse, بوسه,73
bünyamin, بِنیامین,163
bulut, بولوت,444
buğra, بغرا,1203
buğlem, بوغلم,1078
buğçe, بوغچه,1016
birsen, بیرسَن,322
binnaz, بيگناز,90
binali, بن على,162
bilgen, بيلكن,112
bilgehan, بيلكه خان,718
bilge, بيلكه,67
bezen, بزن,59
beyzanur, بيضانور,1069
beytullah, بيت الله,478
beyda, بيدا,17
betilgül, بتيل كل,492
betil, بتيل,442
bessem, بسّام,103
besiye, بسيه,77
besim, بَسیم,112
berra, برّا,203
berke, بركه,227
berivan, بريوان,269
bergüzar, بركزار,430
berfin, بَرفین,342
beray, براى,213
berat, بَرات,603
bera, برا,203
bengü, بنكو,78
bengisu, بنكيصو,178
beliz, بليز,49
behram, بَهرام,248
behiye, بِهیه,22
behcet, بهجت,410
bedrullah, بدرالله,272
bedirhan, بدرخان,857
bedir, بدر,206
bediha, بديخه,621
bedih, بديخ,616
bayram, بايرام,254
bayezid, بايزيد,34
baturalp, باتورالپ,642
battal, بطّال,42
başak, باشاق,404
barış, باريش,513
barbaros, بارباروس,472
bahtiyar, بختیار,1213
bahriye, بحريه,225
bahir, باهر,208
azra, عَذرا,971
azmi, عظمى,1020
azime, عظیمه,1025
azim, عظیم,1020
ayselin, آيسلين,161
aykan, آيقان,162
aygül, آی‌گل,61
aydoğan, آىدوغان,1072
aydan, آیدان,66
aycan, آيجان,65
ayça, آيچه,19
aybüke, آىبوكه,44
aybeniz, آيبڭز,40
aybala, آىبالا,45
avni, عونى,136
atike, عتيقه,585
atik, عتيق,580
atahan, آتاخان,1053
ataberk, آتابرك,624
ata, آتا,402
asuhan, آسوخان,718
asude, آسوده,76
asu, آسو,67
aslınur, آصلى نور,387
aslan, آصلان,172
aşkın, آشقين,461
hira, خرا,801
asıf, عاصِف,241
asel, عسل,160
arda, آردا,206
anıl, آنیل,91
amine, آمنه,96
amber, عنبر,322
alptuğ, آلپطوغ,1048
alperen, آلپ ارن,284
alpay, آلپای,44
alpaslan, آلپ آصلان,205
alparslan, آلپ آرصلان,405
alkan, آلقان,182
alkame, علقمه,245
alis, آلس,91
alim, عالَم,141
aknur, آقنور,357
akın, آقين,161
akil, عاقل,201
akile, عاقله,206
afranur, افرانور,538
ada, آدا,6
acun, آجون,60
açelya, آچليا,45
abid, عَبید,86
abdurrezzak, عبد الرزّاق,415
abdulmelik, عبدالمَلِک,197
abdulğafur, عبدالغفور,1393
abdimenaf, عبدمناف,247
hasene, حسنه,123
hazal, حزال,46
ayhan, آيخان,662
beşer, بشر,502
hürrem, خُرم,840
kezik, كذيك,750
bircan, برجان,256
nesimi, نسيمي,170
tazegül, تازه كل,463
güher, غوهر,1211
hayrunnisa, خیرالنسا,952
sühan, سخن,710
sinem, سئنم,160
ragıp, راغب,1203
sariye, سارئه,276
muttalip, مطّلب,81
hayrullah, خیرالله,876
kevser rüveyda, كوثر رويده,951
şahinaz, شاهيناز,374
nahide, ناحيده,78
hikmet, حِکمت,468
ulviye, علويه,121
münevvere, منوّره,301
ahu meryem, آهو مريم,302
ali eymen, على ايمن,211
gülümser, كولومسر,362
erdal, اردال,236
gülüşan, كلوشان,407
fincan, فنجان,184
bülbül, بلبل,64
esin, اسين,121
baran, باران,254
şencan, شنجان,404
beril, بريل,242
rengin, رنكين,330
funda, فوندا,141
nilgün, نیلگون,166
zülfikar, ذوالفقار,1118
gülsever, كولسور,322
süreyya, ثریا,711
çağrı, چاغرى,1214
ümit, امید,55
oktay, اُکتای,432
alp, آلپ,33
şatiye, شاطيه,325
serbülent, سربلند,346
erdem, اردم,245
elisa, اَلیسا,102
selcan, سلجان,144
sümeyra, سميرا,311
mürşah, مورشاه,552
süveyda, سويدا,81
hayal, خيال,641
dudu, دودو,20
çınar, چينار,264
ekin, اكين,81
gökşin, كوكشن,396
lâl verdâ, لعل وردا,341
ergül, اركول,257
kader, قدر,304
berrin, برّين,262
mansur, منصور,386
aykut, آيقوت,517
devrim, دوريم,260
alev, آلو,37
gülşen, كولشن,406
başar, بشار,503
sonay, صوڭآى,127
mesnet, مسند,154
mevlude, مولوده,91
volkan, ولقان,187
yahya, یحیی,38
nurdane, نوردانه,316
hüsniye, حُسنیه,133
gültekin, كلتكين,530
durmuş, دورموش,556
eren, ارن,251
eyyup, ايّوب,19
ferruh, فرّوح,294
şengül, شنكل,400
turaç, طوراچ,219
namık, نامق,191
mehpare, مَهپاره,253
tuğberk, طوغبرك,1237
tuğçe, طوغچه,1023
sevilay, سويلآى,117
yalçın, يالچين,104
tuncay, تونجاى,470
yüksan, يوكصن,176
orçun, اورچون,266
miraç, معراج,314
bilgin, بيلكين,122
fahrettin, فخرالدین,975
nebahat, نباهت,458
armağan, ارمغان,1292
birhan, بيرخان,863
esen, اسن,111
babür, بابور,211
nezahat, نزاهت,463
aysu, آیسو,77
bartu, بارتو,609
ecem, اجهم,49
nevil, نويل,96
ercan, ارجان,255
batuhan, باتوخان,1060
altuğ, آلطوغ,1046
ceyran, جيران,264
ceylan, جيلان,94
mesure, ماءثوره,753
asaf, آصف,171
ziya, ضیا,811
billur, بللور,268
şahika, شاهقه,411
alaattin, علاءالدین,197
abdulbaki, عبدالباقی,220
abdussamed, عبدالصّمد,241
cenk, جنك,73
dursun, دورسون,326
fethi, فتحي,498
gülfer, كلفر,330
halim, حلیم,88
hamdi, حمدي,62
hasbi, حسبي,80
hasip, حَسیب,80
hürüşan, خروشان,1157
i̇klim, اقليم,181
kani, كاني,81
mahbure, محبوبه,63
melih, مليح,88
melik, ملك,90
mesude, مسعوده,185
metehan, مهتهحان,509
nadir, نادر,255
nail, نائل,91
nazif, نظيف,1040
nazmi, نظمي,1000
necmi, نَجمه,98
nezih, نَزیه,72
rahmiye, رحمىه,263
ruhi, روحي,224
saim, صائم,141
süheyl, سُهیل,105
sümbül, سنبل,142
zahit, زاهد,17
zeki, ذكي,730
i̇zzettin, عِزالدین,172
mahzun, محزون,111
nafi, نافع,201
nejat, نجاة,454
reşat, رَشاد,505
reşit, رَشید,514
seleme, سلمة,530
seyfeddin, سيف الدين,245
suat, سُعاد,135
üsame, أسامة,502
zarif, ظریف,1190
ziyad, زياد,22
zübeyir, زبير,219
abdülaziz, عبد العزيز,201
abdülcabbar, عبد الجبّار,313
abdulfettah, عبد الفتّاح,596
abdulgaffar, عبد الغفّار,1388
abdulgafûr, عبد الغفور,1393
abdulgani, عبد الغنيّ,1167
abdulhak, عبد الحقّ,215
abdülhakim, عبد الحكيم,185
abdülkâdir, عبد القادر,412
abdülkerim, عبد الكريم,377
abdulmecit, عبد المجيد,164
abdulvahap, عبد الوهّاب,121
abdussamet, عبد الصمد,241
abdusselam, عبد السلام,238
alaaddin, علاء الدين,197
aleyna, علينا,161
atiye, آتیه,416
baha, بهاء,9
bahattin, بَهاءالدین,104
gani, غنيّ,1060
hadi, هادی,20
hansa, خَنْسَاء,712
hüsamettin, حسام الدين,204
cumhuriyet, جمهوريت,664
mümin, مؤمن,136
ahmed, أحمد,53
yagmur, ياغمور,1257
fatmasu, فاطمة صو,626
fatıma, فاطمة,530
zühre, زوهرة,618
ozge, اوزكه,39
resmiye, رسمیة,710
omer, عمر,310
gulsen, كولشن,406
gulşen, كولشن,406
niymet, نعمت,560
ummuhan, امّ خان,692
ummahan, امّ خان,692
ebu zer, أبو ذر,909
abuzer, أبو ذر,909
ebuzer, ابوذر,909
cihad, جهاد,13
sebahattin, صباحالدّين,196
nazli, نازلى,98
öztekin, اوزتكين,494
alirıza, علي رضا,1111
albert, ألبرت,633
einstein, أينشتاين,822
pauline, پولين,98
hermann, هيرمان,306
nejla, نجلاء,85
şakir, شاکر,521
cumhur, جمهور,254
ozcan, اوزجان,68
selehattin, صلاحالدّين,224
dede, ده ده,18
sebahat, صباحت,501
nejdet, نجدت,457
şehriye, شهريه,520
mumin, مؤمن,136
eşe, أشه,306
ayse, عائشة,781
sebiha, صبيحه,115
tevfik, توفيق,596
emsal, امثال,572
hava, حوا,15
serdal, سردال,295
muhiddin, محي الدين,153
muhittin, محیی‌الدین,163
cenap, جناب,56
doğuş, دوغوش,1316
hurşit, خورشيد,1120
ersal, ارسال,292
şahabeddin, شهاب الدين,403
şahabettin, شهاب الدين,403
sezgin, سزگين,147
düriye, دريه,219
abdulazim, عبدالعظیم,1127
abdulcebbar, عبدالجبار,313
abdulhalim, عبدالحلیم,195
abdulhey, عبدالحی,125
abdurrafi, عبدالرافع,458
abdurraşit, عبدالرشید,621
afak, آفاق,182
afşin, اَفشین,441
ahenk, آهنگ,76
ahmet ali, احمدعلی,163
ahmet rıza, احمدرضا,1054
ahmet talha, احمدطاها,69
ala, آلا,32
ali ekber, علی‌اکبر,333
ali paşa, علی‌پاشا,414
almira, المیرا,282
altın, آلتین,491
amanda, اَماندا,97
amir, عامِر,311
ammar, عَمار,311
anise, آنیسا,122
arafat, عَرفات,751
arafe, عَرَفه,355
aral, آرال,232
aras, آراس,262
araz, آراز,209
arife zehra, عارفه‌زهرا,569
armin, آرمین,301
armina, آرمینا,302
armine, آرمینه,306
arş, عرش,570
arşan, آرشان,552
artan, آرتان,652
asil, اصیل,131
asim, آسیم,111
asker, عسکر,350
atanaz, آتاناز,460
atena, آتنا,452
ateş, آتش,701
atlas, اطلس,100
ayaz, اَیاز,19
aynaz, آیناز,69
aynuş, آینوش,367
aysan, آیسان,122
ayşen, آی‌شن,361
ayşin, آیشین,371
azad, آزاد,13
azizullah, عزیزالله,160
bahire, باهِره,213
basil, باسِل,93
basiret, بَصیرت,702
basit, باسِط,72
bediuzzaman, بَدیع‌الزمان,215
behlül, بُهلول,73
behzat, بِهزاد,19
bektaş, بَکتاش,723
bereket, بَرکت,622
bersam, بَرسام,303
berşam, بَرشام,543
beşar, بَشار,503
bidar, بیدار,217
bina, بینا,63
burhaneddin, بُرهان‌الدین,353
büstan, بوستان,519
cabbar, جبار,206
cabir, جابر,206
cafer, جعفر,353
canyar, جانیار,265
cavidan, جاویدان,75
cavit, جاوید,24
celaleddin, جلال‌الدین,159
celiliddin, جلیل‌الدین,168
cemşit, جمشید,357
cennat, جَنات,454
cercis, جرجیس,276
cibril, جبریل,245
civanmert, جوانمرد,304
çabuk, چابک,26
çavuş, چاووش,316
çehre, چهره,213
daime, دائمه,60
danyal, دانیال,96
delile, دلیله,79
destan, دَستان,515
deyyan, دَیّان,65
dindar, دیندار,269
diyana, دیانا,66
diyar, دیار,215
dora, دُرا,205
dünya, دنیا,65
eflatun, افلاطون,177
efşan, اَفشان,432
ekber, اکبر,223
emina, امینا,102
eminullah, امین‌الله,167
eminüddin, امین‌الدین,196
emir adnan, امیرعدنان,426
emir bahadır, امیربهادر,463
emir behzat, امیربهزاد,270
emir cavit, امیرجاوید,275
emir cevat, امیرجواد,265
emir erman, امیرآرمن,542
emir eyyüp, امیرایوب,270
emir fazlullah, امیرفضل‌الله,1227
emir haşem, امیرهاشم,597
emir himmet, امیرهمت,696
emir hümayun, امیرهمایون,363
emir i̇rfan, امیرعرفان,652
emir mansur, امیرمنصور,637
emir mehdi, امیرمهدی,310
emir merdan, امیرمردان,546
emir mesut, امیرمسعود,431
emir metin, امیرمتین,751
emir muhsin, امیرمحسن,409
emir muzaffer, امیرمظفر,1471
emir nizam, امیرنظام,1242
emir raşit, امیررشید,765
emir rıza, امیررضا,1252
emir sadık, امیرصادق,446
emir salih, امیرصالح,380
emir suheyl, امیرسهیل,356
emir vahit, امیروحید,279
emir yasin, امیریاسین,382
emir yedullah, امیریدالله,331
endişe, اندیشه,370
enfal, اَنفال,162
enuş, اَنوش,357
erdevan, اَردوان,262
ersam, اَرسام,302
ersan, آرسان,312
erşam, اَرشام,542
erşan, اَرشان,552
erşin, اَرشین,561
esedullah, اسدالله,131
eset, اَسد,65
esmer, اَسمر,301
esrin, اَسرین,321
fazlullah, فضل‌الله,976
ferah, فَرح,288
ferzan, فرزان,338
feyzullah, فیض‌الله,956
firaset, فراست,741
firuze, فیروزه,308
füruzan, فروزان,344
gülbahar, گل بهار,258
güldane, گلدانه,110
gülnar, گلنار,301
gülru, گلرو,256
habibullah, حبیب الله,88
hadis, حدیث,522
hadise, حدیثه,527
hafizullah, حفیظ‌الله,1064
hakim, حکیم,78
halife, حلیفه,133
halile, خلیله,675
halilullah, خلیل‌الله,736
halilurrahman, خلیل‌الرحمان,1000
hamdullah, حمدالله,118
hami, حامی,59
hamidullah, حمیدالدین,157
hammat, حَمّاد,53
haniye, حانیه,74
hannan, حَنّان,109
hanzala, حَنظله,993
hasna, حَسْنا,119
haşmet, حشمت,748
haşmetullah, حشمت‌الله,814
hatıra, خاطِره,815
havar, خاور,807
haydar ali, حیدرعلی,332
hayyam, خیام,651
heybetullah, هیبت‌الله,483
hicret, هجرت,608
himmet, هِمت,445
himmetullah, هِمت‌الله,511
hirat, هیراد,220
huccet, حُجت,411
huccetullah, حُجت‌الله,477
humeyra, حمیرا,259
hurriye, حُریه,223
hüda, هُدی,19
hümayun, هُمایون,112
hür, هور,211
hürmet, حُرمت,648
hürmuz, هرمز,252
hürşat, هورشاد,516
hürşit, هورشید,525
ismet, عصمت,600
i̇ftihar, اِفتخار,1282
i̇kram, اِکرام,262
i̇lay, ایل‌آی,52
i̇lize, اِلیزه,53
i̇lnaz, اِلناز,89
i̇ltica, اِلتِجا,435
i̇ltifat, اِلتفات,912
i̇nayet, عنایت,531
i̇ntisar, اِنتصار,742
i̇ran, ایران,262
i̇rşat, اِرشاد,506
i̇slam, اسلام,132
i̇tibar, اِعتبار,674
i̇timat, اِعتماد,516
i̇zzetullah, عزت‌الله,543
kadim, قدیم,154
kadire, قدیره,319
kamus, کاموس,127
kelimullah, کلیم الله,166
kemalettin, کمال‌الدین,186
keramet, کرامت,661
keykubat, کِیقباد,137
kimya, کیمیا,81
kutsi, قُدسی,174
laçin, لاچین,94
lalezar, لاله‌زار,274
latif, لَطیف,129
letafet, لطافت,520
lütfullah, لطف‌الله,185
mahbube, محبوبه,63
mahbup, محبوب,58
mahcihan, ماه‌جهان,105
mahcup, محجوب,59
mahide, ماهِده,55
mahmude, محموده,103
mahpeyker, ماه‌پیکر,278
mahya, مَحیا,59
maksude, مقصوده,245
mardin, ماردین,305
marifet, معرفت,790
marifetullah, معرفت‌الله,856
marziye, مَرضیه,1055
masum, معصوم,246
masume, معصومه,251
maşaallah, ماشاءالله,409
maviş, ماویش,357
mazhar, مَظهر,1145
melihe, مَلیحه,93
memduh, مَمدوح,98
meram, مَرام,281
merhamet, مرحمت,688
mersin, مَرسین,360
mesih, مسیح,118
mesrur, مَسرور,506
mesture, مَستوره,711
meşhur, مشهور,551
meşkat, مشکات,761
metanet, متانت,891
meyhoş, میخوش,956
meymanat, میمنت,540
mezit, مَزید,61
mihban, مِهبان,98
mihrak, مِهرک,265
mihrap, مِهراب,248
mihri, مِهری,255
mihribanu, مِهربانو,304
milat, میلاد,85
mirsat, مِرصاد,335
mirşat, میرشاد,555
misak, میثاق,651
muazzam, مُعظم,1050
mucip, مُجیب,55
mucit, مَجید,57
muhabbet, محبت,450
muhacir, مُهاجر,249
muhaddis, مُحَدِث,552
muhit, محیط,67
muhsine, محسنه,163
muhterem, محترم,688
muhteşem, محتشم,788
musaddık, مصدق,234
muttaki, متقی,550
mübin, مبین,102
müferrah, مُفَرِح,328
müfide, مُفیده,139
müfit, مُفید,134
müjde, مژده,56
mükerrem, مُکَرم,300
mülayim, ملایم,121
mümtaz, ممتاز,488
münip, مُنیب,102
mürivvet, مُروت,646
mürsel, مُرسَل,330
müşfik, مشفق,520
müştak, مشتاق,841
mütevekkil, متوکل,496
nafile, نافله,166
nahit, ناهید,70
nara, نارا,252
nâsıreddin, ناصرالدین,436
nasraddin, نَصرالدین,435
nasrullah, نَصرالله,406
natık, ناطق,160
nazanin, نازنین,168
nazperi, نازپری,270
nebi, نَبی,62
nebiyullah, نَبی‌الله,128
necat, نِجات,454
necibettin, نَجیب‌الدین,160
neime, نَعیمه,175
nerimen, نَریمن,350
neşat, نشاط,360
neşvet, نشواد,361
nevbahar, نوبهار,264
nimetullah, نِعمت‌الله,626
nirvan, نیروان,317
niyavent, نیاوند,121
niyaz, نیاز,68
nizamettin, نِظام‌الدین,1086
nurulayn, نورالعین,417
nurulhak, نورالحق,395
nusretullah, نُصرت‌الدین,835
payam, پَیام,53
pehlivan, پهلوان,94
peri, پری,212
perigül, پری‌گل,262
perinaz, پری‌ناز,270
rafet, رأفت,681
rafetullah, رأفت‌الله,747
rahim, رحیم,258
rahman, رحمان,299
rahmetullah, رحمت‌الله,714
rahşan, رَخشان,1151
rasul, رَسول,296
rauf, رئوف,296
ravi, راوی,217
ressam, رَسام,301
ruhullah, روح‌الله,280
rüstem, رُستم,700
rüşdiye, رُشدیّه,519
saba, سبا,63
sabih, صَبیح,110
sadakat, صداقت,595
sadri, صدری,304
sahabe, صاحبه,106
sahil, ساحل,99
salahuttin, صلاح‌الدین,224
samira, سَمیرا,311
saray, سارای,272
sare, ساره,266
sayan, سایان,122
sehlan, ثَهلان,586
selamet, سَلامت,531
senaullah, ثَناءالله,618
serment, سَرمد,304
settar, سَتار,661
sevin, سوین,126
sevinc, سوینج,129
seyfettin, سِیف‌الدین,245
sufi, صوفی,186
sunay, سُونای,127
sur, سُور,266
surahi, صُراحی,309
suut, سُعود,140
sülale, سُلاله,126
süna, سُونا,117
süraye, سُرایه,276
sürur, سُرور,466
şadan, شادان,356
şadıman, شادمان,396
şahide, شاهیده,325
şahit, شاهد,310
şanlı, شانلی,391
şarmin, شارمین,601
şayan, شایان,362
şefaat, شفاعت,851
şefike, شفیقه,495
şehabettin, شهاب‌الدین,403
şehbaz, شهباز,315
şehre, شهره,510
şehriyar, شهریار,716
şekibe, شکیبا,333
şekip, شکیب,332
şemide, شَمیده,359
şemis, شمیس,410
şems, شمس,400
şemsi, شمسی,410
şerafettin, شَرف‌الدین,675
şeriat, شریعت,980
şervin, شروین,566
şuayip, شُعَیب,382
şukufe, شکوفه,411
tahire, طاهره,220
tahmin, تهمین,505
tamara, تامارا,643
tanış, تانیش,761
tanin, طنین,119
tarak, تارک,621
tarhan, تَرخان,1251
tarif, طارف,290
tasnim, تسنیم,560
tavus, طاووس,82
taylan, تایلان,492
taymaz, تایماز,459
taynur, تای‌نور,667
tayyibe, طَیبه,26
tebessüm, تبسم,502
tecelli, تَجلی,443
tevhit, توحید,428
teymur, تیمور,656
tural, تورال,637
turap, تُراب,603
tüfan, توفان,537
ubeydullah, عُبیدالله,152
usame, اُسامه,107
ümit rıza, امیدرضا,1056
üveys, اویس,77
vacide, واحده,24
vacit, واجد,14
vahap, وَهَب,13
vahhap, وهاب,14
vahidüddin, وحیدالدین,123
vahip, واهِب,14
varan, واران,258
vasıl, واصل,127
vecihe, وَجیهه,29
vefa, وَفا,87
vehide, وحیده,33
veliyullah, ولی‌الله,112
virdan, وِردان,261
visal, وِصال,127
visam, وِسام,107
viyana, ویانا,68
yakut, یاقوت,517
yalan, یَلان,91
yanar, یانار,262
yanık, یانیک,91
yarullah, یارالله,277
yasemen, یاسمن,161
yaşil, یاشیل,351
yaver, یاور,217
yaz, یاز,18
yazgül, یازگول,74
yedullah, یدالله,80
yegane, یگانه,86
yemin, یَمین,110
yeminullah, یَمین‌الله,176
yenal, یَنال,91
yezdan, یَزدان,72
zahir, ظاهر,1106
zakir, ذاکر,921
zaman, زمان,98
zamane, زمانه,103
zavoş, زاوش,314
zêhir, زاهر,213
zeka, ذَکا,721
zemzem, زمزم,94
zeyniddin, زین‌الدین,162
zeyt, زِید,21
zikrullah, ذِکرالله,986
zinet, زینت,467
ziver, زیور,223
ziyaulhak, ضیاء‌الحق,951
zuhal, زُحَل,45
zübeyr, زُبیر,219
zühra, زُهره,217
hüdavendigar, خداوندگار,886
beyazit, بايزيد,34
vahdettin, وحيد الدين,123
vahdeddin, وحيد الدين,123
maşite, ماشطه,355
azem, عازم,118
sera, سرا,261
alya, عليا,111
gülfem, گلفام,171
mihrimah, مهرماه,291
